customer_id,name,city,age,signup_date
1,Amit,Hyderabad,28,2023-01-10
2,Priya,Bangalore,32,2023-02-12
3,Rahul,Mumbai,29,2023-03-14
4,Sneha,Delhi,35,2023-04-15
5,Arjun,Chennai,27,2023-05-11
6,Meera,Hyderabad,31,2023-06-10
7,Karan,Pune,33,2023-06-22
8,Neha,Delhi,30,2023-07-10
9,Divya,Bangalore,26,2023-07-15
10,Vikram,Mumbai,40,2023-08-01
11,Ritu,Hyderabad,34,2023-08-10
12,Sanjay,Delhi,38,2023-08-21
13,Naveen,Chennai,28,2023-09-01
14,Farhan,Mumbai,36,2023-09-10

15,Simran,Bangalore,25,2023-09-18
